{
  "id": "",
  "name": "",
  "font_family": "iconfont",
  "css_prefix_text": "icon-",
  "description": "",
  "glyphs": [
    {
      "icon_id": "8776631",
      "name": "view",
      "font_class": "icon-test",
      "unicode": "e633",
      "unicode_decimal": 58931
    },
    {
      "icon_id": "8776785",
      "name": "order_unread",
      "font_class": "icon-test1",
      "unicode": "e63a",
      "unicode_decimal": 58938
    },
    {
      "icon_id": "8776878",
      "name": "download",
      "font_class": "icon-test2",
      "unicode": "e640",
      "unicode_decimal": 58944
    }
  ]
}
